<ns5:SubmitObjectsRequest xmlns:ns5="urn:oasis:names:tc:ebxml-regrep:xsd:lcm:3.0"
                          xmlns:xsd="http://www.w3.org/2001/XMLSchema"
                          xmlns:xsi="http://www.w3.org/2001/XMLSchema-instance">
   <RegistryObjectList xmlns="urn:oasis:names:tc:ebxml-regrep:xsd:rim:3.0"><!--##################################################################--><!--RegistryPackage--><!--##################################################################-->
      <ns2:RegistryPackage xmlns:ns2="urn:oasis:names:tc:ebxml-regrep:xsd:rim:3.0"
                           id="urn:uuid:7475d624-1d29-4fd7-9c51-8b00312417ab"
                           status="urn:oasis:names:tc:ebxml-regrep:StatusType:Approved"><!--===================--><!--SubmissionTime--><!--===================-->
         <ns2:Slot name="submissionTime">
            <ns2:ValueList>
               <ns2:Value>20250120114953</ns2:Value>
            </ns2:ValueList>
         </ns2:Slot>
         <!--===================-->
         <!--Name-->
         <!--===================-->
         <ns2:Name>
            <ns2:LocalizedString charset="UTF8"
                                 value="Fiche patient à risque en cardiologie - Porteur d'un stimulateur cardiaque"
                                 xml:lang="FR"/>
         </ns2:Name>
         <!--===================-->
         <!--Description (comments)-->
         <!--===================-->
         <ns2:Description>
            <ns2:LocalizedString charset="UTF8" value="" xml:lang="FR"/>
         </ns2:Description>
         <!--===================-->
         <!--Classification-->
         <!--===================-->
         <ns2:Classification classificationNode="urn:uuid:a54d6aa5-d40d-43f9-88c5-b4633d873bdd"
                             classifiedObject="urn:uuid:7475d624-1d29-4fd7-9c51-8b00312417ab"
                             id="SubmissionSet01_c001"
                             nodeRepresentation=""/>
         <!--===================-->
         <!--Author attributes-->
         <!--===================-->
         <ns2:Classification classificationScheme="urn:uuid:a7058bb9-b4e4-4307-ba5b-e3f0ab85e12d"
                             classifiedObject="urn:uuid:7475d624-1d29-4fd7-9c51-8b00312417ab"
                             id="urn:uuid:530f2031-94dc-4f7e-9f69-c3b9d1774273"
                             nodeRepresentation=""><!--===================--><!--AuthorInstitution--><!--===================-->
            <ns2:Slot name="authorInstitution">
               <ns2:ValueList>
                  <ns2:Value>^^^^^&amp;1.2.250.1.71.4.2.2&amp;ISO^IDNST^^^1750803447</ns2:Value>
               </ns2:ValueList>
            </ns2:Slot>
            <!--===================-->
            <!--AuthorPerson-->
            <!--===================-->
            <ns2:Slot name="authorPerson">
               <ns2:ValueList>
                  <ns2:Value>801234567897^DUNANT^Charles ^^^^^^&amp;1.2.250.1.71.4.2.1&amp;ISO^D^^^IDNPS</ns2:Value>
               </ns2:ValueList>
            </ns2:Slot>
         </ns2:Classification>
         <!--===================-->
         <!--HealthcareFacility-->
         <!--===================-->
         <ns2:Classification classificationScheme="urn:uuid:aa543740-bdda-424e-8c96-df4873be8500"
                             classifiedObject="urn:uuid:7475d624-1d29-4fd7-9c51-8b00312417ab"
                             id="SubmissionSet01_c002"
                             nodeRepresentation="SA21">
            <ns2:Slot name="codingScheme">
               <ns2:ValueList>
                  <ns2:Value>1.2.250.1.71.4.2.4</ns2:Value>
               </ns2:ValueList>
            </ns2:Slot>
            <ns2:Name>
               <ns2:LocalizedString charset="UTF8"
                                    value="Etablissement d'hébergement et de réadaptation"
                                    xml:lang="FR"/>
            </ns2:Name>
         </ns2:Classification>
         <!--===================-->
         <!--PatientId-->
         <!--===================-->
         <ns2:ExternalIdentifier id="urn:uuid:932d2617-a906-4f1f-8bdb-db7a2cfc8772"
                                 identificationScheme="urn:uuid:6b5aea1a-874d-4603-a4bc-96a0a7b38446"
                                 registryObject="urn:uuid:a6e06ca8-0c75-4064-9e5d-88b9045a9ab6"
                                 value="279035121518989^^^&amp;1.2.250.1.213.1.4.10&amp;ISO^NH">
            <ns2:Name>
               <ns2:LocalizedString value="XDSSubmissionSet.patientId"/>
            </ns2:Name>
         </ns2:ExternalIdentifier>
         <!--===================-->
         <!--SourceId-->
         <!--===================-->
         <ns2:ExternalIdentifier id="urn:uuid:451e34f3-01fe-48f4-bcf3-ba0a8bb84c7f"
                                 identificationScheme="urn:uuid:554ac39e-e3fe-47fe-b233-965d2a147832"
                                 registryObject="urn:uuid:a6e06ca8-0c75-4064-9e5d-88b9045a9ab6"
                                 value="1.2.250.1.71.4.2.2.1120456789">
            <ns2:Name>
               <ns2:LocalizedString value="XDSSubmissionSet.sourceId"/>
            </ns2:Name>
         </ns2:ExternalIdentifier>
         <!--===================-->
         <!--UniqueId-->
         <!--===================-->
         <ns2:ExternalIdentifier id="urn:uuid:d37ea590-6950-42cf-bd3b-ac7c0271e1d1"
                                 identificationScheme="urn:uuid:96fdda7c-d067-4183-912e-bf5ee74998a8"
                                 registryObject="urn:uuid:a6e06ca8-0c75-4064-9e5d-88b9045a9ab6"
                                 value="1.2.250.1.213.1.1.1.1.2025.1.1.1737370194035">
            <ns2:Name>
               <ns2:LocalizedString value="XDSSubmissionSet.uniqueId"/>
            </ns2:Name>
         </ns2:ExternalIdentifier>
      </ns2:RegistryPackage>
      <!--##################################################################-->
      <!--Extrinsic object - CDA CARD-F-PRC-PSC_2022.01.xml-->
      <!--##################################################################-->
      <ns2:ExtrinsicObject xmlns:ns2="urn:oasis:names:tc:ebxml-regrep:xsd:rim:3.0"
                           id="urn:uuid:cc7ea698-bd04-4fc7-9515-b36c88db684c"
                           mimeType="text/xml"
                           objectType="urn:uuid:7edca82f-054d-47f2-a032-9b2a5b5186c1"
                           status="urn:oasis:names:tc:ebxml-regrep:StatusType:Approved"><!--##################################################################--><!--ExtraMetadata remplacement de document--><!--##################################################################-->
         <ns2:Slot name="urn:action:extraMetadataSlot">
            <ns2:ValueList>
               <ns2:Value>C</ns2:Value>
            </ns2:ValueList>
         </ns2:Slot>
         <!--===================-->
         <!--Hash-->
         <!--===================-->
         <ns2:Slot name="hash">
            <ns2:ValueList>
               <ns2:Value>A096A4A5AF539DFFF9EC88956265C5BD26DC57F2</ns2:Value>
            </ns2:ValueList>
         </ns2:Slot>
         <!--===================-->
         <!--Size-->
         <!--===================-->
         <ns2:Slot name="size">
            <ns2:ValueList>
               <ns2:Value>101166</ns2:Value>
            </ns2:ValueList>
         </ns2:Slot>
         <!--===================-->
         <!--URI-->
         <!--===================-->
         <ns2:Slot name="URI">
            <ns2:ValueList>
               <ns2:Value>DOC0001.XML</ns2:Value>
            </ns2:ValueList>
         </ns2:Slot>
         <!--===================-->
         <!--CreationTime-->
         <!--===================-->
         <ns2:Slot name="creationTime">
            <ns2:ValueList>
               <ns2:Value>20080929084914</ns2:Value>
            </ns2:ValueList>
         </ns2:Slot>
         <!--===================-->
         <!--LangageCode-->
         <!--===================-->
         <ns2:Slot name="languageCode">
            <ns2:ValueList>
               <ns2:Value>fr-FR</ns2:Value>
            </ns2:ValueList>
         </ns2:Slot>
         <!--===================-->
         <!--LegalAuthenticator-->
         <!--===================-->
         <ns2:Slot name="legalAuthenticator">
            <ns2:ValueList>
               <ns2:Value>801234567897^DUNANT^Charles ^^^^^^&amp;1.2.250.1.71&amp;ISO^D^^^IDNPS</ns2:Value>
            </ns2:ValueList>
         </ns2:Slot>
         <!--===================-->
         <!--ServiceStartTime-->
         <!--===================-->
         <ns2:Slot name="serviceStartTime">
            <ns2:ValueList>
               <ns2:Value>20220104142530</ns2:Value>
            </ns2:ValueList>
         </ns2:Slot>
         <!--===================-->
         <!--ServiceStopTime-->
         <!--===================-->
         <ns2:Slot name="serviceStopTime">
            <ns2:ValueList>
               <ns2:Value>20220204142530</ns2:Value>
            </ns2:ValueList>
         </ns2:Slot>
         <!--===================-->
         <!--SourcePatientId-->
         <!--===================-->
         <ns2:Slot name="sourcePatientId">
            <ns2:ValueList>
               <ns2:Value>1234567890121^^^&amp;1.2.3.4.567.8.9.10&amp;ISO^PI</ns2:Value>
            </ns2:ValueList>
         </ns2:Slot>
         <!--===================-->
         <!--SourcePatientInfo-->
         <!--===================-->
         <ns2:Slot name="sourcePatientInfo">
            <ns2:ValueList>
               <ns2:Value>PID-5|PAT-TROIS^DOMINIQUE^DOMINIQUE MARIE-LOUISE^^^^L</ns2:Value>
               <ns2:Value>PID-5|PAT-TROIS^DOMINIQUE^^^^^D</ns2:Value>
               <ns2:Value>PID-7|19790328</ns2:Value>
               <ns2:Value>PID-8|F</ns2:Value>
               <ns2:Value>PID-11|^^^^^^BDL^^63220</ns2:Value>
            </ns2:ValueList>
         </ns2:Slot>
         <!--===================-->
         <!--Name-->
         <!--===================-->
         <ns2:Name>
            <ns2:LocalizedString charset="UTF8"
                                 value="Fiche patient à risque en cardiologie - Porteur d'un stimulateur cardiaque"
                                 xml:lang="FR"/>
         </ns2:Name>
         <!--===================-->
         <!--Description (Comments)-->
         <!--===================-->
         <ns2:Description>
            <ns2:LocalizedString charset="UTF8" value="" xml:lang="FR"/>
         </ns2:Description>
         <!--===================-->
         <!--Authors Attributes-->
         <!--===================-->
         <ns2:Classification classificationScheme="urn:uuid:93606bcf-9494-43ec-9b4e-a7748d1a838d"
                             classifiedObject="urn:uuid:7475d624-1d29-4fd7-9c51-8b00312417ab"
                             id="urn:uuid:8d6517d1-c065-4539-8680-4e29d8201bc0"
                             nodeRepresentation=""><!--===================--><!--AuthorInstitution--><!--===================-->
            <ns2:Slot name="authorInstitution">
               <ns2:ValueList>
                  <ns2:Value>^^^^^&amp;1.2.250.1.71.4.2.2&amp;ISO^IDNST^^^1750803447</ns2:Value>
               </ns2:ValueList>
            </ns2:Slot>
            <!--===================-->
            <!--AuthorPerson-->
            <!--===================-->
            <ns2:Slot name="authorPerson">
               <ns2:ValueList>
                  <ns2:Value>801234567897^DUNANT^Charles ^^^^^^&amp;1.2.250.1.71.4.2.1&amp;ISO^D^^^IDNPS</ns2:Value>
               </ns2:ValueList>
            </ns2:Slot>
         </ns2:Classification>
         <!--===================-->
         <!--Class-->
         <!--===================-->
         <ns2:Classification classificationScheme="urn:uuid:41a5887f-8865-4c09-adf7-e362475b143a"
                             classifiedObject="urn:uuid:7475d624-1d29-4fd7-9c51-8b00312417ab"
                             id="urn:uuid:2e399ce7-1ce1-4d9c-bd04-fde8ce21d1f9"
                             nodeRepresentation="11">
            <ns2:Slot name="codingScheme">
               <ns2:ValueList>
                  <ns2:Value>1.2.250.1.213.1.1.4.1</ns2:Value>
               </ns2:ValueList>
            </ns2:Slot>
            <ns2:Name>
               <ns2:LocalizedString value="Synthèse"/>
            </ns2:Name>
         </ns2:Classification>
         <!--===================-->
         <!--Confidentiality-->
         <!--===================-->
         <ns2:Classification classificationScheme="urn:uuid:f4f85eac-e6cb-4883-b524-f2705394840f"
                             classifiedObject="urn:uuid:7475d624-1d29-4fd7-9c51-8b00312417ab"
                             id="urn:uuid:ce250faa-46b6-4fba-a4ef-98b38ba59496"
                             nodeRepresentation="N">
            <ns2:Slot name="codingScheme">
               <ns2:ValueList>
                  <ns2:Value>2.16.840.1.113883.5.25</ns2:Value>
               </ns2:ValueList>
            </ns2:Slot>
            <ns2:Name>
               <ns2:LocalizedString value="Normal"/>
            </ns2:Name>
         </ns2:Classification>
         <!--===================-->
         <!--Format-->
         <!--===================-->
         <ns2:Classification classificationScheme="urn:uuid:a09d5840-386c-46f2-b5ad-9c3699a4309d"
                             classifiedObject="urn:uuid:7475d624-1d29-4fd7-9c51-8b00312417ab"
                             id="urn:uuid:8bf21c14-0406-4c05-8930-f2023b603f03"
                             nodeRepresentation="urn:asip:ci-sis:psc:2009">
            <ns2:Slot name="codingScheme">
               <ns2:ValueList>
                  <ns2:Value>1.2.250.1.213.1.1.4.2.282</ns2:Value>
               </ns2:ValueList>
            </ns2:Slot>
            <ns2:Name>
               <ns2:LocalizedString value="Fiche patient à risque en cardiologie - Porteur d'un stimulateur cardiaque"/>
            </ns2:Name>
         </ns2:Classification>
         <!--===================-->
         <!--HealthcareFacility-->
         <!--===================-->
         <ns2:Classification classificationScheme="urn:uuid:f33fb8ac-18af-42cc-ae0e-ed0b0bdb91e1"
                             classifiedObject="urn:uuid:7475d624-1d29-4fd7-9c51-8b00312417ab"
                             id="urn:uuid:6666d7ae-f409-46bd-8853-8e30c5e6463c"
                             nodeRepresentation="SA21">
            <ns2:Slot name="codingScheme">
               <ns2:ValueList>
                  <ns2:Value>1.2.250.1.71.4.2.4</ns2:Value>
               </ns2:ValueList>
            </ns2:Slot>
            <ns2:Name>
               <ns2:LocalizedString value="Etablissement d'hébergement et de réadaptation"/>
            </ns2:Name>
         </ns2:Classification>
         <!--===================-->
         <!--Practice Settings-->
         <!--===================-->
         <ns2:Classification classificationScheme="urn:uuid:cccf5598-8b07-4b77-a05e-ae952c785ead"
                             classifiedObject="urn:uuid:7475d624-1d29-4fd7-9c51-8b00312417ab"
                             id="urn:uuid:ab4a589a-8f86-4d89-8fea-768713d1fab6"
                             nodeRepresentation="AMBULATOIRE">
            <ns2:Slot name="codingScheme">
               <ns2:ValueList>
                  <ns2:Value>1.2.250.1.213.1.1.4.9</ns2:Value>
               </ns2:ValueList>
            </ns2:Slot>
            <ns2:Name>
               <ns2:LocalizedString charset="UTF8" value="Ambulatoire" xml:lang="FR"/>
            </ns2:Name>
         </ns2:Classification>
         <!--===================-->
         <!--Type-->
         <!--===================-->
         <ns2:Classification classificationScheme="urn:uuid:f0306f51-975f-434e-a61c-c59651d33983"
                             classifiedObject="urn:uuid:7475d624-1d29-4fd7-9c51-8b00312417ab"
                             id="urn:uuid:042b54e3-9ed0-46c8-87b2-b3f8041b77b1"
                             nodeRepresentation="34133-9">
            <ns2:Slot name="codingScheme">
               <ns2:ValueList>
                  <ns2:Value>2.16.840.1.113883.6.1</ns2:Value>
               </ns2:ValueList>
            </ns2:Slot>
            <ns2:Name>
               <ns2:LocalizedString charset="UTF8" value="Synthèse d'épisode de soins" xml:lang="FR"/>
            </ns2:Name>
         </ns2:Classification>
         <!--===================-->
         <!--PatientId-->
         <!--===================-->
         <ns2:ExternalIdentifier id="urn:uuid:91e87578-fd96-49bf-84d8-97024df792a8"
                                 identificationScheme="urn:uuid:58a6f841-87b3-4a3e-92fd-a8ffeff98427"
                                 registryObject="urn:uuid:4a889fd4-012f-4000-e008-12c48372fe64"
                                 value="279035121518989^^^&amp;1.2.250.1.213.1.4.10&amp;ISO^NH">
            <ns2:Name>
               <ns2:LocalizedString value="XDSDocumentEntry.patientId"/>
            </ns2:Name>
         </ns2:ExternalIdentifier>
         <!--===================-->
         <!--UniqueId-->
         <!--===================-->
         <ns2:ExternalIdentifier id="urn:uuid:fe68bd68-987b-4b3c-be21-741327b3d2d8"
                                 identificationScheme="urn:uuid:2e82c1f6-a085-4c72-9da3-8640a32e42ab"
                                 registryObject="b576aac4-33be-4875-b875-f8ee50bf66e0"
                                 value="1.2.250.1.213.1.1.1.2.1.4.2022.1.1">
            <ns2:Name>
               <ns2:LocalizedString charset="UTF8" value="XDSDocumentEntry.uniqueId" xml:lang="FR"/>
            </ns2:Name>
         </ns2:ExternalIdentifier>
      </ns2:ExtrinsicObject>
      <!--===================-->
      <!--ASSOCIATIONS-->
      <!--===================-->
      <ns2:Association xmlns:ns2="urn:oasis:names:tc:ebxml-regrep:xsd:rim:3.0"
                       associationType="urn:oasis:names:tc:ebxml-regrep:AssociationType:HasMember"
                       id="urn:uuid:4db86130-c1c6-4897-a124-03ab2c3f1d10"
                       objectType="Original"
                       sourceObject="urn:uuid:7475d624-1d29-4fd7-9c51-8b00312417ab"
                       targetObject="urn:uuid:1b6e0d41-2f68-4815-b597-5c34aa0cee6e">
         <ns2:Slot name="SubmissionSetStatus">
            <ns2:ValueList>
               <ns2:Value>Original</ns2:Value>
            </ns2:ValueList>
         </ns2:Slot>
      </ns2:Association>
   </RegistryObjectList>
</ns5:SubmitObjectsRequest>
