 <ns5:SubmitObjectsRequest xmlns:xsi="http://www.w3.org/2001/XMLSchema-instance" xmlns:xsd="http://www.w3.org/2001/XMLSchema" xmlns:ns5="urn:oasis:names:tc:ebxml-regrep:xsd:lcm:3.0">
     <RegistryObjectList xmlns="urn:oasis:names:tc:ebxml-regrep:xsd:rim:3.0">
         <!--##################################################################-->
         <!--RegistryPackage-->
         <!--##################################################################-->
         <ns2:RegistryPackage  xmlns:ns2="urn:oasis:names:tc:ebxml-regrep:xsd:rim:3.0" id="urn:uuid:93bcda19-b171-4cdd-8f98-5bbf4761568b"  status="urn:oasis:names:tc:ebxml-regrep:StatusType:Approved"  >
             <!--===================-->
             <!--SubmissionTime-->
             <!--===================-->
             <ns2:Slot name="submissionTime"> 
                 <ns2:ValueList>
                     <ns2:Value>20230804160646</ns2:Value>
                 </ns2:ValueList>
             </ns2:Slot>
             <!--===================-->
             <!--Name-->
             <!--===================-->
             <ns2:Name>
                 <ns2:LocalizedString xml:lang="FR" charset="UTF8" value="CR d’imagerie médicale - Scanner Tête + Cou + Thorax avec injection"/>
             </ns2:Name>
             <!--===================-->
             <!--Description (comments)-->
             <!--===================-->
             <ns2:Description>
                 <ns2:LocalizedString xml:lang="FR" charset="UTF8" value=""/>
             </ns2:Description>
             <!--===================-->
             <!--Classification-->
             <!--===================-->
             <ns2:Classification id = "SubmissionSet01_c001"
             classificationNode = "urn:uuid:a54d6aa5-d40d-43f9-88c5-b4633d873bdd"	classifiedObject = "urn:uuid:93bcda19-b171-4cdd-8f98-5bbf4761568b" nodeRepresentation = "" />
             <!--===================-->
             <!--Author attributes-->
             <!--===================-->
             <ns2:Classification id="urn:uuid:d03381da-253d-4f2a-9d6f-488de8e99a32" classificationScheme="urn:uuid:a7058bb9-b4e4-4307-ba5b-e3f0ab85e12d" classifiedObject="urn:uuid:93bcda19-b171-4cdd-8f98-5bbf4761568b" nodeRepresentation=""> 
             <!--===================-->
             <!--AuthorInstitution-->
             <!--===================-->
                 <ns2:Slot name="authorInstitution">
                     <ns2:ValueList>
                         <ns2:Value>Centre de radiologie Ambroise^^^^^&amp;1.2.250.1.71.4.2.2&amp;ISO^IDNST^^^101235555</ns2:Value>
                     </ns2:ValueList>
                 </ns2:Slot>
             <!--===================-->
             <!--AuthorPerson-->
             <!--===================-->
             <ns2:Slot name="authorPerson">
                 <ns2:ValueList>
                 <ns2:Value>801234560801^BIDEAULT^Jacques^^^^^^&amp;1.2.250.1.71.4.2.1&amp;ISO^D^^^IDNPS</ns2:Value>
                 </ns2:ValueList>
             </ns2:Slot>
             <!--===================-->
             <!--AuthorRole-->
             <!--===================-->
             <ns2:Slot name="authorRole">
                 <ns2:ValueList>
                     <ns2:Value>Référent - Responsable du patient dans la structure de soins</ns2:Value>
                 </ns2:ValueList>
             </ns2:Slot>
             <!--===================-->
             <!--AuthorSpecialty-->
             <!--===================-->
             <ns2:Slot name="authorSpecialty">
                 <ns2:ValueList>
                     <ns2:Value>G15_10/SM44^Médecin - Radio-diagnostic (SM)^1.2.250.1.213.1.1.4.5</ns2:Value>
                 </ns2:ValueList>
             </ns2:Slot>
             </ns2:Classification>
             <!--===================-->
             <!--HealthcareFacility-->
             <!--===================-->
             <ns2:Classification id="SubmissionSet01_c002" classificationScheme="urn:uuid:aa543740-bdda-424e-8c96-df4873be8500" classifiedObject="urn:uuid:93bcda19-b171-4cdd-8f98-5bbf4761568b" nodeRepresentation="SA08" >
                 <ns2:Slot name="codingScheme" >
                     <ns2:ValueList>
                         <ns2:Value>1.2.250.1.71.4.2.4</ns2:Value>
                     </ns2:ValueList>
                 </ns2:Slot>
                 <ns2:Name>
                     <ns2:LocalizedString xml:lang="FR" charset="UTF8" value="Cabinet de groupe"/>	
                 </ns2:Name>
             </ns2:Classification>
             <!--===================-->
             <!--PatientId-->
             <!--===================-->
             <ns2:ExternalIdentifier id="urn:uuid:3744263b-c0c1-443d-b8df-f6c348fe086e" identificationScheme="urn:uuid:6b5aea1a-874d-4603-a4bc-96a0a7b38446" registryObject="urn:uuid:a6e06ca8-0c75-4064-9e5d-88b9045a9ab6" value="276059205062865^^^&amp;1.2.250.1.213.1.4.8&amp;ISO^NH">
                 <ns2:Name>
                     <ns2:LocalizedString value="XDSSubmissionSet.patientId"/>
                 </ns2:Name>
             </ns2:ExternalIdentifier>
             <!--===================-->
             <!--SourceId-->
             <!--===================-->
             <ns2:ExternalIdentifier id="urn:uuid:a9ad8b79-f6cc-494b-a345-b0bc339c03ab" identificationScheme="urn:uuid:554ac39e-e3fe-47fe-b233-965d2a147832" registryObject="urn:uuid:a6e06ca8-0c75-4064-9e5d-88b9045a9ab6" value="1.2.250.1.71.4.2.2.101235555">
                 <ns2:Name>
                     <ns2:LocalizedString value="XDSSumissionSet.sourceId"/>
                 </ns2:Name>
             </ns2:ExternalIdentifier>
             <!--===================-->
             <!--UniqueId-->
             <!--===================-->
             <ns2:ExternalIdentifier id="urn:uuid:2a1ef9fa-d17e-4279-b375-d6c3fa9eeda8" identificationScheme="urn:uuid:96fdda7c-d067-4183-912e-bf5ee74998a8" registryObject="urn:uuid:a6e06ca8-0c75-4064-9e5d-88b9045a9ab6" value="1.2.250.1.213.1.1.1.1.2023.8.8.638267620066524194">
                 <ns2:Name>
                     <ns2:LocalizedString value="XDSSubmissionSet.uniqueId"/>
                 </ns2:Name>
             </ns2:ExternalIdentifier>
         </ns2:RegistryPackage>
         <!-- ################################################################## -->
         <!--   Extrinsic object - CDA DOC0001.XML-->
         <!-- ################################################################## -->
         <ns2:ExtrinsicObject mimeType="text/xml" objectType="urn:uuid:7edca82f-054d-47f2-a032-9b2a5b5186c1" id="urn:uuid:urn:uuid:0a44669c-f24a-4aa8-a19c-9ededc3969c7" xmlns:ns2="urn:oasis:names:tc:ebxml-regrep:xsd:rim:3.0" status="urn:oasis:names:tc:ebxml-regrep:StatusType:Approved"	>
              
             <!--==========================================-->
             <!--  ExtraMetadata remplacement de document -->
             <!--==========================================-->
             <ns2:Slot name="urn:action:extraMetadataSlot">
                 <ns2:ValueList>
                     <ns2:Value>C</ns2:Value>
                 </ns2:ValueList>
             </ns2:Slot>
              
             <!--===================-->
             <!--Hash-->
             <!--===================-->
             <ns2:Slot name="hash">
                 <ns2:ValueList>
                     <ns2:Value>D201B4BA1DD7EC852B253864DBBECC85B37FAE80</ns2:Value>
                 </ns2:ValueList>
             </ns2:Slot>
             <!--===================-->
             <!--Size-->
             <!--===================-->
             <ns2:Slot name="size">
                 <ns2:ValueList>
                     <ns2:Value>354800</ns2:Value>
                 </ns2:ValueList>
             </ns2:Slot>
             <!--===================-->
             <!--URI-->
             <!--===================-->
             <ns2:Slot name="URI">
                 <ns2:ValueList>
                     <ns2:Value>DOC0001.XML</ns2:Value>
                 </ns2:ValueList>
             </ns2:Slot>
             <!--===================-->
             <!--CreationTime-->
             <!--===================-->
             <ns2:Slot name="creationTime">
                 <ns2:ValueList>
                     <ns2:Value>20210108101700</ns2:Value>
                 </ns2:ValueList>
             </ns2:Slot>
             <!--===================-->
             <!--LangageCode-->
             <!--===================-->
             <ns2:Slot name="languageCode">
                 <ns2:ValueList>
                     <ns2:Value>fr-FR</ns2:Value>
                 </ns2:ValueList>
             </ns2:Slot>
             <!--===================-->
             <!--LegalAuthenticator-->
             <!--===================-->
             <ns2:Slot name="legalAuthenticator">
                 <ns2:ValueList>
                     <ns2:Value>801234560801^BIDEAULT^Jacques^^^^^^&amp;1.2.250.1.71.4.2.1&amp;ISO^D^^^IDNPS</ns2:Value>
                 </ns2:ValueList>
             </ns2:Slot>
             <!--===================-->
             <!--ServiceStartTime-->
             <!--===================-->
             <ns2:Slot name="serviceStartTime">
                 <ns2:ValueList>
                     <ns2:Value>20210108092500</ns2:Value>
                 </ns2:ValueList>
             </ns2:Slot>
             <!--===================-->
             <!--ServiceStopTime-->
             <!--===================-->
             <ns2:Slot name="serviceStopTime">
                 <ns2:ValueList>
                     <ns2:Value>20210108101700</ns2:Value>
                 </ns2:ValueList>
             </ns2:Slot>
             <!--===================-->
             <!--SourcePatientId-->
             <!--===================-->
             <ns2:Slot name="sourcePatientId">
                 <ns2:ValueList>
                     <ns2:Value>1234567890121^^^&amp;1.2.3.4.567.8.9.10&amp;ISO^PI</ns2:Value>
                 </ns2:ValueList>
             </ns2:Slot>
             <!--===================-->
             <!--SourcePatientInfo-->
             <!--===================-->
             <ns2:Slot name="sourcePatientInfo">
                 <ns2:ValueList>
                     <ns2:Value>PID-5|NESSI^Ruth Isabelle^^^^^L</ns2:Value>
                     <ns2:Value>PID-5|DECOURCY^Ruth^^^^^D</ns2:Value>
                     <ns2:Value>PID-7|19760531</ns2:Value>
                     <ns2:Value>PID-8|F</ns2:Value>
                 </ns2:ValueList>
             </ns2:Slot>
             <!--===================-->
             <!--Name-->
             <!--===================-->
             <ns2:Name>
                 <ns2:LocalizedString xml:lang="FR" charset="UTF8"                  value="CR d’imagerie médicale - Scanner Tête + Cou + Thorax avec injection"/>
             </ns2:Name>
             <!--===================-->
             <!--Description (Comments)-->
             <!--===================-->
             <ns2:Description>
                 <ns2:LocalizedString xml:lang="FR" charset="UTF8"                  value=""/>
             </ns2:Description>
             <!--===================-->
             <!--EventCodeList-->
             <!--===================-->
             <ns2:Classification classificationScheme="urn:uuid:2c6b8cb7-8b2a-4051-b291-b1ae6a575ef4" classifiedObject="urn:uuid:urn:uuid:0a44669c-f24a-4aa8-a19c-9ededc3969c7" id="urn:uuid:8facd9d4-89cd-4eb9-962a-9b7e26f30702"               nodeRepresentation="24727-0" objectType="urn:oasis:names:tc:ebxml-regrep:ObjectType:RegistryObject:Classification" >
                 <ns2:Slot name="codingScheme">
                     <ns2:ValueList>
                         <ns2:Value>2.16.840.1.113883.6.1</ns2:Value>
                     </ns2:ValueList>
                 </ns2:Slot>
                 <ns2:Name>
                     <ns2:LocalizedString xml:lang="FR" charset="UTF8"                      value="CT Head W contrast IV"/>
                 </ns2:Name>
             </ns2:Classification>
             <ns2:Classification classificationScheme="urn:uuid:2c6b8cb7-8b2a-4051-b291-b1ae6a575ef4" classifiedObject="urn:uuid:urn:uuid:0a44669c-f24a-4aa8-a19c-9ededc3969c7" id="urn:uuid:ca1fa53b-ca8e-425f-ae97-8ae02f559b37"               nodeRepresentation="36235-0" objectType="urn:oasis:names:tc:ebxml-regrep:ObjectType:RegistryObject:Classification" >
                 <ns2:Slot name="codingScheme">
                     <ns2:ValueList>
                         <ns2:Value>2.16.840.1.113883.6.1</ns2:Value>
                     </ns2:ValueList>
                 </ns2:Slot>
                 <ns2:Name>
                     <ns2:LocalizedString xml:lang="FR" charset="UTF8"                      value="CT Neck W contrast IV"/>
                 </ns2:Name>
             </ns2:Classification>
             <ns2:Classification classificationScheme="urn:uuid:2c6b8cb7-8b2a-4051-b291-b1ae6a575ef4" classifiedObject="urn:uuid:urn:uuid:0a44669c-f24a-4aa8-a19c-9ededc3969c7" id="urn:uuid:37a5f6b0-e1a1-4a85-a96f-84691fba5d62"               nodeRepresentation="24978-9" objectType="urn:oasis:names:tc:ebxml-regrep:ObjectType:RegistryObject:Classification" >
                 <ns2:Slot name="codingScheme">
                     <ns2:ValueList>
                         <ns2:Value>2.16.840.1.113883.6.1</ns2:Value>
                     </ns2:ValueList>
                 </ns2:Slot>
                 <ns2:Name>
                     <ns2:LocalizedString xml:lang="FR" charset="UTF8"                      value="CT Thoracic spine"/>
                 </ns2:Name>
             </ns2:Classification>
             <ns2:Classification classificationScheme="urn:uuid:2c6b8cb7-8b2a-4051-b291-b1ae6a575ef4" classifiedObject="urn:uuid:urn:uuid:0a44669c-f24a-4aa8-a19c-9ededc3969c7" id="urn:uuid:999dec40-d708-4bfb-9141-3b2b10d36b8c"               nodeRepresentation="Z13.9" objectType="urn:oasis:names:tc:ebxml-regrep:ObjectType:RegistryObject:Classification" >
                 <ns2:Slot name="codingScheme">
                     <ns2:ValueList>
                         <ns2:Value>2.16.840.1.113883.6.3</ns2:Value>
                     </ns2:ValueList>
                 </ns2:Slot>
                 <ns2:Name>
                     <ns2:LocalizedString xml:lang="FR" charset="UTF8"                      value="Examen spécial de dépistage, sans précision"/>
                 </ns2:Name>
             </ns2:Classification>
             <!--*********************************************************-->
             <!--  Authors Attributes -->
             <!--*********************************************************-->
             <ns2:Classification id="urn:uuid:82d4e4d2-2678-4d35-b805-fea08f55322c" classificationScheme="urn:uuid:93606bcf-9494-43ec-9b4e-a7748d1a838d" classifiedObject="urn:uuid:93bcda19-b171-4cdd-8f98-5bbf4761568b" nodeRepresentation=""> 
                 <!--===================-->
                 <!--AuthorInstitution-->
                 <!--===================-->
                 <ns2:Slot name="authorInstitution">
                     <ns2:ValueList>
                         <ns2:Value>Centre de radiologie Ambroise^^^^^&amp;1.2.250.1.71.4.2.2&amp;ISO^IDNST^^^101235555</ns2:Value>
                     </ns2:ValueList>
                 </ns2:Slot>
                 <!--===================-->
                 <!--AuthorPerson-->
                 <!--===================-->
                 <ns2:Slot name="authorPerson">
                     <ns2:ValueList>
                     <ns2:Value>801234560801^BIDEAULT^Jacques^^^^^^&amp;1.2.250.1.71.4.2.1&amp;ISO^D^^^IDNPS</ns2:Value>
                     </ns2:ValueList>
                 </ns2:Slot>
                 <!--===================-->
                 <!--AuthorRole-->
                 <!--===================-->
                 <ns2:Slot name="authorRole">
                     <ns2:ValueList>
                         <ns2:Value>Référent - Responsable du patient dans la structure de soins</ns2:Value>
                     </ns2:ValueList>
                 </ns2:Slot>
                 <!--===================-->
                 <!--AuthorSpecialty-->
                 <!--===================-->
                 <ns2:Slot name="authorSpecialty">
                     <ns2:ValueList>
                         <ns2:Value>G15_10/SM44^Médecin - Radio-diagnostic (SM)^1.2.250.1.213.1.1.4.5</ns2:Value>
                     </ns2:ValueList>
                 </ns2:Slot>
                 </ns2:Classification>
                 <!--*********************************************************-->
                 <!--  Class -->
                 <!--*********************************************************-->
                 <!--  -->
                 <ns2:Classification id="urn:uuid:914f92b0-ebde-4624-9a0c-13ec6452c425" classificationScheme="urn:uuid:41a5887f-8865-4c09-adf7-e362475b143a" classifiedObject="urn:uuid:93bcda19-b171-4cdd-8f98-5bbf4761568b" nodeRepresentation="31">
                     <ns2:Slot name="codingScheme">
                         <ns2:ValueList>
                             <ns2:Value>1.2.250.1.213.1.1.4.1</ns2:Value>
                         </ns2:ValueList>
                     </ns2:Slot>
                     <ns2:Name>
                         <ns2:LocalizedString value="Imagerie médicale"/>
                     </ns2:Name>
                 </ns2:Classification>
                 <!-- ***************************************************************************-->
                 <!--     Confidentiality  -->
                 <!-- ***************************************************************************-->
                 <ns2:Classification id="urn:uuid:767be7eb-0737-4ca1-90b4-a45227e46947" classificationScheme="urn:uuid:f4f85eac-e6cb-4883-b524-f2705394840f" classifiedObject="urn:uuid:93bcda19-b171-4cdd-8f98-5bbf4761568b" nodeRepresentation="N">
                     <ns2:Slot name="codingScheme">
                         <ns2:ValueList>
                             <ns2:Value>2.16.840.1.113883.5.25</ns2:Value>
                         </ns2:ValueList>
                     </ns2:Slot>
                     <ns2:Name>
                         <ns2:LocalizedString value="Normal"/>
                     </ns2:Name>
                 </ns2:Classification>
                 <!--***********************************-->
                 <!--  Format -->
                 <!--***********************************-->
                 <ns2:Classification id="urn:uuid:02865bbb-99d1-4aae-9606-76852d7af215" classificationScheme="urn:uuid:a09d5840-386c-46f2-b5ad-9c3699a4309d" classifiedObject="urn:uuid:93bcda19-b171-4cdd-8f98-5bbf4761568b" nodeRepresentation="urn:ihe:rad:CDA:ImagingReportStructuredHeadings:2013"> 
                     <ns2:Slot name="codingScheme">
                         <ns2:ValueList>
                             <ns2:Value>2.16.840.1.113883.6.1</ns2:Value>
                         </ns2:ValueList>
                     </ns2:Slot>
                     <ns2:Name>
                         <ns2:LocalizedString value="Compte-rendu d'imagerie médicale"/>
                     </ns2:Name>
                 </ns2:Classification>
                 <!--***********************************-->
                 <!--  HealthcareFacility -->
                 <!--***********************************-->
                 <ns2:Classification id="urn:uuid:c7a3aef9-c019-4c85-aba0-46f47981c8e3" classificationScheme="urn:uuid:f33fb8ac-18af-42cc-ae0e-ed0b0bdb91e1" classifiedObject="urn:uuid:93bcda19-b171-4cdd-8f98-5bbf4761568b" nodeRepresentation="SA08">
                     <ns2:Slot name="codingScheme">
                         <ns2:ValueList>
                             <ns2:Value>1.2.250.1.71.4.2.4</ns2:Value>
                         </ns2:ValueList>
                     </ns2:Slot>
                     <ns2:Name>
                         <ns2:LocalizedString value="Cabinet de groupe"/>
                     </ns2:Name>
                 </ns2:Classification>
                 <!--********************************-->
                 <!--  Practice Settings -->
                 <!--********************************-->
                 <ns2:Classification id="urn:uuid:9d8b6d6d-dc30-48a6-ba30-f25ae2017b9f" classificationScheme="urn:uuid:cccf5598-8b07-4b77-a05e-ae952c785ead" classifiedObject="urn:uuid:93bcda19-b171-4cdd-8f98-5bbf4761568b" nodeRepresentation="AMBULATOIRE">
                     <ns2:Slot name="codingScheme">
                         <ns2:ValueList>
                             <ns2:Value>1.2.250.1.213.1.1.4.9</ns2:Value>
                         </ns2:ValueList>
                     </ns2:Slot>
                     <ns2:Name>
                         <ns2:LocalizedString  xml:lang="FR" charset="UTF8"  value="Ambulatoire"   />
                     </ns2:Name>
                 </ns2:Classification>
                 <!--********************************-->
                 <!--  Type -->
                 <!--********************************-->
                 <ns2:Classification id="urn:uuid:d3d79bc2-a299-4a63-a9c4-7cc6e7ce527b" classificationScheme="urn:uuid:f0306f51-975f-434e-a61c-c59651d33983" classifiedObject="urn:uuid:93bcda19-b171-4cdd-8f98-5bbf4761568b" nodeRepresentation="18748-4">
                     <ns2:Slot name="codingScheme">
                         <ns2:ValueList>
                             <ns2:Value>2.16.840.1.113883.6.1</ns2:Value>
                         </ns2:ValueList>
                     </ns2:Slot>
                     <ns2:Name>
                         <ns2:LocalizedString  xml:lang="FR" charset="UTF8"  value="CR d'imagerie médicale"   />
                     </ns2:Name>
                 </ns2:Classification>
                 <!--********************************-->
                 <!--  PatientId -->
                 <!--********************************-->
                 <ns2:ExternalIdentifier id="urn:uuid:3e50d243-26f8-414f-ab7d-7ffe3d968a1a" identificationScheme="urn:uuid:58a6f841-87b3-4a3e-92fd-a8ffeff98427" registryObject="urn:uuid:4a889fd4-012f-4000-e008-12c48372fe64" value="276059205062865^^^&amp;1.2.250.1.213.1.4.8&amp;ISO^NH">
                     <ns2:Name>
                         <ns2:LocalizedString value="XDSDocumentEntry.patientId"/>
                     </ns2:Name>
                 </ns2:ExternalIdentifier>
                 <!--********************************-->
                 <!--  UniqueId -->
                 <!--********************************-->
                 <ns2:ExternalIdentifier id="urn:uuid:40a5d39b-c5d9-4970-af29-76b234c17fec" identificationScheme="urn:uuid:2e82c1f6-a085-4c72-9da3-8640a32e42ab" registryObject="b576aac4-33be-4875-b875-f8ee50bf66e0" value="1.2.250.1.213.1.1.1.45.2">
                     <ns2:Name>
                         <ns2:LocalizedString xml:lang="FR" charset="UTF8"  value="XDSDocumentEntry.uniqueId"/>
                     </ns2:Name>
                 </ns2:ExternalIdentifier>
             </ns2:ExtrinsicObject>
             <!--*****************************************-->
             <!--*            ASSOCIATIONS -->
             <!--*****************************************-->
             <ns2:Association id="urn:uuid:3c90d297-c9d1-465b-837c-99ab72ca926c" objectType="Original" associationType="urn:oasis:names:tc:ebxml-regrep:AssociationType:HasMember"               sourceObject="urn:uuid:93bcda19-b171-4cdd-8f98-5bbf4761568b" targetObject="urn:uuid:urn:uuid:0a44669c-f24a-4aa8-a19c-9ededc3969c7"  xmlns:ns2="urn:oasis:names:tc:ebxml-regrep:xsd:rim:3.0"  >
                 <ns2:Slot name="SubmissionSetStatus">
                     <ns2:ValueList>
                         <ns2:Value>Original</ns2:Value>
                     </ns2:ValueList>
                 </ns2:Slot>
             </ns2:Association>
     </RegistryObjectList>
 </ns5:SubmitObjectsRequest>

