                 <ns5:SubmitObjectsRequest xmlns:xsi="http://www.w3.org/2001/XMLSchema-instance" xmlns:xsd="http://www.w3.org/2001/XMLSchema" xmlns:ns5="urn:oasis:names:tc:ebxml-regrep:xsd:lcm:3.0">
                     <RegistryObjectList xmlns="urn:oasis:names:tc:ebxml-regrep:xsd:rim:3.0">
                         <!--##################################################################-->
                         <!--RegistryPackage-->
                         <!--##################################################################-->
                         <ns2:RegistryPackage  xmlns:ns2="urn:oasis:names:tc:ebxml-regrep:xsd:rim:3.0" id="urn:uuid:62575861-7b4c-4bef-b7dd-f48c2a20fb68"  status="urn:oasis:names:tc:ebxml-regrep:StatusType:Approved"  >
                             <!--===================-->
                             <!--SubmissionTime-->
                             <!--===================-->
                             <ns2:Slot name="submissionTime"> 
                                 <ns2:ValueList>
                                     <ns2:Value>20250218160403</ns2:Value>
                                 </ns2:ValueList>
                             </ns2:Slot>
                             <!--===================-->
                             <!--Name-->
                             <!--===================-->
                             <ns2:Name>
                                 <ns2:LocalizedString xml:lang="FR" charset="UTF8" value="Compte rendu d'examens biologiques"/>
                             </ns2:Name>
                             <!--===================-->
                             <!--Description (comments)-->
                             <!--===================-->
                             <ns2:Description>
                                 <ns2:LocalizedString xml:lang="FR" charset="UTF8" value=""/>
                             </ns2:Description>
                             <!--===================-->
                             <!--Classification-->
                             <!--===================-->
                             <ns2:Classification id = "SubmissionSet01_c001"
                             classificationNode = "urn:uuid:a54d6aa5-d40d-43f9-88c5-b4633d873bdd"	classifiedObject = "urn:uuid:62575861-7b4c-4bef-b7dd-f48c2a20fb68" nodeRepresentation = "" />
                             <!--===================-->
                             <!--Author attributes-->
                             <!--===================-->
                             <ns2:Classification id="urn:uuid:ad6357db-9024-4c85-8afa-e36207beeacc" classificationScheme="urn:uuid:a7058bb9-b4e4-4307-ba5b-e3f0ab85e12d" classifiedObject="urn:uuid:62575861-7b4c-4bef-b7dd-f48c2a20fb68" nodeRepresentation=""> 
                             <!--===================-->
                             <!--AuthorInstitution-->
                             <!--===================-->
                                 <ns2:Slot name="authorInstitution">
                                     <ns2:ValueList>
                                         <ns2:Value>Laboratoire des charmes^^^^^&amp;1.2.250.1.71.4.2.2&amp;ISO^IDNST^^^1120459876</ns2:Value>
                                     </ns2:ValueList>
                                 </ns2:Slot>
                             <!--===================-->
                             <!--AuthorPerson-->
                             <!--===================-->
                             <ns2:Slot name="authorPerson">
                                 <ns2:ValueList>
                                 <ns2:Value>801234534765^CAMPARINI^Marcel^^^^^^&amp;1.2.250.1.71.4.2.1&amp;ISO^D^^^IDNPS</ns2:Value>
                                 </ns2:ValueList>
                             </ns2:Slot>
                             <!--===================-->
                             <!--AuthorSpecialty-->
                             <!--===================-->
                             <ns2:Slot name="authorSpecialty">
                                 <ns2:ValueList>
                                     <ns2:Value>G15_10/SM03^Médecin - Biologie médicale (SM)^1.2.250.1.213.1.1.4.5</ns2:Value>
                                 </ns2:ValueList>
                             </ns2:Slot>
                             </ns2:Classification>
                             <!--===================-->
                             <!--HealthcareFacility-->
                             <!--===================-->
                             <ns2:Classification id="SubmissionSet01_c002" classificationScheme="urn:uuid:aa543740-bdda-424e-8c96-df4873be8500" classifiedObject="urn:uuid:62575861-7b4c-4bef-b7dd-f48c2a20fb68" nodeRepresentation="SA25" >
                                 <ns2:Slot name="codingScheme" >
                                     <ns2:ValueList>
                                         <ns2:Value>1.2.250.1.71.4.2.4</ns2:Value>
                                     </ns2:ValueList>
                                 </ns2:Slot>
                                 <ns2:Name>
                                     <ns2:LocalizedString xml:lang="FR" charset="UTF8" value="Laboratoire de biologie médicale"/>	
                                 </ns2:Name>
                             </ns2:Classification>
                             <!--===================-->
                             <!--PatientId-->
                             <!--===================-->
                             <ns2:ExternalIdentifier id="urn:uuid:da7aa24b-17ee-4fca-b967-f95720071894" identificationScheme="urn:uuid:6b5aea1a-874d-4603-a4bc-96a0a7b38446" registryObject="urn:uuid:a6e06ca8-0c75-4064-9e5d-88b9045a9ab6" value="279035121518989^^^&amp;1.2.250.1.213.1.4.10&amp;ISO^NH">
                                 <ns2:Name>
                                     <ns2:LocalizedString value="XDSSubmissionSet.patientId"/>
                                 </ns2:Name>
                             </ns2:ExternalIdentifier>
                             <!--===================-->
                             <!--SourceId-->
                             <!--===================-->
                             <ns2:ExternalIdentifier id="urn:uuid:553429b3-ad61-4f86-8d47-84a8b13f2d0a" identificationScheme="urn:uuid:554ac39e-e3fe-47fe-b233-965d2a147832" registryObject="urn:uuid:a6e06ca8-0c75-4064-9e5d-88b9045a9ab6" value="1.2.250.1.71.4.2.2.1120459876">
                                 <ns2:Name>
                                     <ns2:LocalizedString value="XDSSumissionSet.sourceId"/>
                                 </ns2:Name>
                             </ns2:ExternalIdentifier>
                             <!--===================-->
                             <!--UniqueId-->
                             <!--===================-->
                             <ns2:ExternalIdentifier id="urn:uuid:c0ec769b-9733-4635-80f7-56912ff72306" identificationScheme="urn:uuid:96fdda7c-d067-4183-912e-bf5ee74998a8" registryObject="urn:uuid:a6e06ca8-0c75-4064-9e5d-88b9045a9ab6" value="1.2.250.1.213.1.1.1.1.2025.2.2.638754914434334050">
                                 <ns2:Name>
                                     <ns2:LocalizedString value="XDSSubmissionSet.uniqueId"/>
                                 </ns2:Name>
                             </ns2:ExternalIdentifier>
                         </ns2:RegistryPackage>
                         <!-- ################################################################## -->
                         <!--   Extrinsic object - CDA DOC0001.XML-->
                         <!-- ################################################################## -->
                         <ns2:ExtrinsicObject mimeType="text/xml" objectType="urn:uuid:7edca82f-054d-47f2-a032-9b2a5b5186c1" id="urn:uuid:urn:uuid:35c67b55-a5f6-43c5-b0b9-ef03f291ed91" xmlns:ns2="urn:oasis:names:tc:ebxml-regrep:xsd:rim:3.0" status="urn:oasis:names:tc:ebxml-regrep:StatusType:Approved"	>
                              
                             <!--==========================================-->
                             <!--  ExtraMetadata remplacement de document -->
                             <!--==========================================-->
                             <ns2:Slot name="urn:action:extraMetadataSlot">
                                 <ns2:ValueList>
                                     <ns2:Value>C</ns2:Value>
                                 </ns2:ValueList>
                             </ns2:Slot>
                              
                             <!--===================-->
                             <!--Hash-->
                             <!--===================-->
                             <ns2:Slot name="hash">
                                 <ns2:ValueList>
                                     <ns2:Value>2DD4D5E9AF1C358042766A5A5465665A21C29E55</ns2:Value>
                                 </ns2:ValueList>
                             </ns2:Slot>
                             <!--===================-->
                             <!--Size-->
                             <!--===================-->
                             <ns2:Slot name="size">
                                 <ns2:ValueList>
                                     <ns2:Value>105610</ns2:Value>
                                 </ns2:ValueList>
                             </ns2:Slot>
                             <!--===================-->
                             <!--URI-->
                             <!--===================-->
                             <ns2:Slot name="URI">
                                 <ns2:ValueList>
                                     <ns2:Value>DOC0001.XML</ns2:Value>
                                 </ns2:ValueList>
                             </ns2:Slot>
                             <!--===================-->
                             <!--CreationTime-->
                             <!--===================-->
                             <ns2:Slot name="creationTime">
                                 <ns2:ValueList>
                                     <ns2:Value>20240104150527</ns2:Value>
                                 </ns2:ValueList>
                             </ns2:Slot>
                             <!--===================-->
                             <!--LangageCode-->
                             <!--===================-->
                             <ns2:Slot name="languageCode">
                                 <ns2:ValueList>
                                     <ns2:Value>fr-FR</ns2:Value>
                                 </ns2:ValueList>
                             </ns2:Slot>
                             <!--===================-->
                             <!--LegalAuthenticator-->
                             <!--===================-->
                             <ns2:Slot name="legalAuthenticator">
                                 <ns2:ValueList>
                                     <ns2:Value>801234534765^CAMPARINI^Marcel^^^^^^&amp;1.2.250.1.71.4.2.1&amp;ISO^D^^^IDNPS</ns2:Value>
                                 </ns2:ValueList>
                             </ns2:Slot>
                             <!--===================-->
                             <!--ServiceStartTime-->
                             <!--===================-->
                             <ns2:Slot name="serviceStartTime">
                                 <ns2:ValueList>
                                     <ns2:Value>20240104082200</ns2:Value>
                                 </ns2:ValueList>
                             </ns2:Slot>
                             <!--===================-->
                             <!--ServiceStopTime-->
                             <!--===================-->
                             <ns2:Slot name="serviceStopTime">
                                 <ns2:ValueList>
                                     <ns2:Value>20240104150500</ns2:Value>
                                 </ns2:ValueList>
                             </ns2:Slot>
                             <!--===================-->
                             <!--SourcePatientId-->
                             <!--===================-->
                             <ns2:Slot name="sourcePatientId">
                                 <ns2:ValueList>
                                     <ns2:Value>1234567890121^^^&amp;1.2.3.4.567.8.9.10&amp;ISO^PI</ns2:Value>
                                 </ns2:ValueList>
                             </ns2:Slot>
                             <!--===================-->
                             <!--SourcePatientInfo-->
                             <!--===================-->
                             <ns2:Slot name="sourcePatientInfo">
                                 <ns2:ValueList>
                                     <ns2:Value>PID-5|PAT-TROIS^DOMINIQUE^DOMINIQUE MARIE-LOUISE^^^^L</ns2:Value>
                                     <ns2:Value>PID-5|PAT-TROIS^DOMINIQUE^^^^^D</ns2:Value>
                                     <ns2:Value>PID-7|19790328</ns2:Value>
                                     <ns2:Value>PID-8|F</ns2:Value>
                                     <ns2:Value>PID-11|^^^^^^BDL^^51215</ns2:Value>
                                 </ns2:ValueList>
                             </ns2:Slot>
                             <!--===================-->
                             <!--Name-->
                             <!--===================-->
                             <ns2:Name>
                                 <ns2:LocalizedString xml:lang="FR" charset="UTF8"                                  value="Compte rendu d'examens biologiques"/>
                             </ns2:Name>
                             <!--===================-->
                             <!--Description (Comments)-->
                             <!--===================-->
                             <ns2:Description>
                                 <ns2:LocalizedString xml:lang="FR" charset="UTF8"                                  value=""/>
                             </ns2:Description>
                             <!--===================-->
                             <!--EventCodeList-->
                             <!--===================-->
                             <ns2:Classification classificationScheme="urn:uuid:2c6b8cb7-8b2a-4051-b291-b1ae6a575ef4" classifiedObject="urn:uuid:urn:uuid:35c67b55-a5f6-43c5-b0b9-ef03f291ed91" id="urn:uuid:b4fa9143-b318-4ea7-9c8b-bb5a0fe80930"                               nodeRepresentation="18725-2" objectType="urn:oasis:names:tc:ebxml-regrep:ObjectType:RegistryObject:Classification" >
                                 <ns2:Slot name="codingScheme">
                                     <ns2:ValueList>
                                         <ns2:Value>2.16.840.1.113883.6.1</ns2:Value>
                                     </ns2:ValueList>
                                 </ns2:Slot>
                                 <ns2:Name>
                                     <ns2:LocalizedString xml:lang="FR" charset="UTF8"                                      value="Microbiologie"/>
                                 </ns2:Name>
                             </ns2:Classification>
                             <!--*********************************************************-->
                             <!--  Authors Attributes -->
                             <!--*********************************************************-->
                             <ns2:Classification id="urn:uuid:09275cf6-c87e-4915-8dfe-da4449e87ed2" classificationScheme="urn:uuid:93606bcf-9494-43ec-9b4e-a7748d1a838d" classifiedObject="urn:uuid:62575861-7b4c-4bef-b7dd-f48c2a20fb68" nodeRepresentation=""> 
                                 <!--===================-->
                                 <!--AuthorInstitution-->
                                 <!--===================-->
                                 <ns2:Slot name="authorInstitution">
                                     <ns2:ValueList>
                                         <ns2:Value>Laboratoire des charmes^^^^^&amp;1.2.250.1.71.4.2.2&amp;ISO^IDNST^^^1120459876</ns2:Value>
                                     </ns2:ValueList>
                                 </ns2:Slot>
                                 <!--===================-->
                                 <!--AuthorPerson-->
                                 <!--===================-->
                                 <ns2:Slot name="authorPerson">
                                     <ns2:ValueList>
                                     <ns2:Value>801234534765^CAMPARINI^Marcel^^^^^^&amp;1.2.250.1.71.4.2.1&amp;ISO^D^^^IDNPS</ns2:Value>
                                     </ns2:ValueList>
                                 </ns2:Slot>
                                 <!--===================-->
                                 <!--AuthorSpecialty-->
                                 <!--===================-->
                                 <ns2:Slot name="authorSpecialty">
                                     <ns2:ValueList>
                                         <ns2:Value>G15_10/SM03^Médecin - Biologie médicale (SM)^1.2.250.1.213.1.1.4.5</ns2:Value>
                                     </ns2:ValueList>
                                 </ns2:Slot>
                                 </ns2:Classification>
                                 <!--*********************************************************-->
                                 <!--  Class -->
                                 <!--*********************************************************-->
                                 <!--  -->
                                 <ns2:Classification id="urn:uuid:469b484f-0f79-44e3-a776-701a206710fb" classificationScheme="urn:uuid:41a5887f-8865-4c09-adf7-e362475b143a" classifiedObject="urn:uuid:62575861-7b4c-4bef-b7dd-f48c2a20fb68" nodeRepresentation="10">
                                     <ns2:Slot name="codingScheme">
                                         <ns2:ValueList>
                                             <ns2:Value>1.2.250.1.213.1.1.4.1</ns2:Value>
                                         </ns2:ValueList>
                                     </ns2:Slot>
                                     <ns2:Name>
                                         <ns2:LocalizedString value="Compte rendu"/>
                                     </ns2:Name>
                                 </ns2:Classification>
                                 <!-- ***************************************************************************-->
                                 <!--     Confidentiality  -->
                                 <!-- ***************************************************************************-->
                                 <ns2:Classification id="urn:uuid:48864652-f1b2-46cb-bd96-3c317c1fa757" classificationScheme="urn:uuid:f4f85eac-e6cb-4883-b524-f2705394840f" classifiedObject="urn:uuid:62575861-7b4c-4bef-b7dd-f48c2a20fb68" nodeRepresentation="N">
                                     <ns2:Slot name="codingScheme">
                                         <ns2:ValueList>
                                             <ns2:Value>2.16.840.1.113883.5.25</ns2:Value>
                                         </ns2:ValueList>
                                     </ns2:Slot>
                                     <ns2:Name>
                                         <ns2:LocalizedString value="Normal"/>
                                     </ns2:Name>
                                 </ns2:Classification>
                                 <!--***********************************-->
                                 <!--  Format -->
                                 <!--***********************************-->
                                 <ns2:Classification id="urn:uuid:6e99ae10-3ea3-4204-841a-219da666c5a8" classificationScheme="urn:uuid:a09d5840-386c-46f2-b5ad-9c3699a4309d" classifiedObject="urn:uuid:62575861-7b4c-4bef-b7dd-f48c2a20fb68" nodeRepresentation="urn:ihe:lab:xd-lab:2008"> 
                                     <ns2:Slot name="codingScheme">
                                         <ns2:ValueList>
                                             <ns2:Value>1.2.250.1.213.1.1.4.2.282</ns2:Value>
                                         </ns2:ValueList>
                                     </ns2:Slot>
                                     <ns2:Name>
                                         <ns2:LocalizedString value="Compte rendu structuré d'examens de biologie médicale"/>
                                     </ns2:Name>
                                 </ns2:Classification>
                                 <!--***********************************-->
                                 <!--  HealthcareFacility -->
                                 <!--***********************************-->
                                 <ns2:Classification id="urn:uuid:cc7d7b04-7667-400d-a92a-4d41a046b882" classificationScheme="urn:uuid:f33fb8ac-18af-42cc-ae0e-ed0b0bdb91e1" classifiedObject="urn:uuid:62575861-7b4c-4bef-b7dd-f48c2a20fb68" nodeRepresentation="SA25">
                                     <ns2:Slot name="codingScheme">
                                         <ns2:ValueList>
                                             <ns2:Value>1.2.250.1.71.4.2.4</ns2:Value>
                                         </ns2:ValueList>
                                     </ns2:Slot>
                                     <ns2:Name>
                                         <ns2:LocalizedString value="Laboratoire de biologie médicale"/>
                                     </ns2:Name>
                                 </ns2:Classification>
                                 <!--********************************-->
                                 <!--  Practice Settings -->
                                 <!--********************************-->
                                 <ns2:Classification id="urn:uuid:2ad8c1a8-0855-46ef-a4b4-0105a9efcf5d" classificationScheme="urn:uuid:cccf5598-8b07-4b77-a05e-ae952c785ead" classifiedObject="urn:uuid:62575861-7b4c-4bef-b7dd-f48c2a20fb68" nodeRepresentation="AMBULATOIRE">
                                     <ns2:Slot name="codingScheme">
                                         <ns2:ValueList>
                                             <ns2:Value>1.2.250.1.213.1.1.4.9</ns2:Value>
                                         </ns2:ValueList>
                                     </ns2:Slot>
                                     <ns2:Name>
                                         <ns2:LocalizedString  xml:lang="FR" charset="UTF8"  value="Ambulatoire"   />
                                     </ns2:Name>
                                 </ns2:Classification>
                                 <!--********************************-->
                                 <!--  Type -->
                                 <!--********************************-->
                                 <ns2:Classification id="urn:uuid:48c7291d-7f11-40c0-af16-95ee32f2949c" classificationScheme="urn:uuid:f0306f51-975f-434e-a61c-c59651d33983" classifiedObject="urn:uuid:62575861-7b4c-4bef-b7dd-f48c2a20fb68" nodeRepresentation="11502-2">
                                     <ns2:Slot name="codingScheme">
                                         <ns2:ValueList>
                                             <ns2:Value>2.16.840.1.113883.6.1</ns2:Value>
                                         </ns2:ValueList>
                                     </ns2:Slot>
                                     <ns2:Name>
                                         <ns2:LocalizedString  xml:lang="FR" charset="UTF8"  value="CR d'examens biologiques"   />
                                     </ns2:Name>
                                 </ns2:Classification>
                                 <!--********************************-->
                                 <!--  PatientId -->
                                 <!--********************************-->
                                 <ns2:ExternalIdentifier id="urn:uuid:dc4eccc0-938b-44a5-a0ba-6348ba1eb340" identificationScheme="urn:uuid:58a6f841-87b3-4a3e-92fd-a8ffeff98427" registryObject="urn:uuid:4a889fd4-012f-4000-e008-12c48372fe64" value="279035121518989^^^&amp;1.2.250.1.213.1.4.10&amp;ISO^NH">
                                     <ns2:Name>
                                         <ns2:LocalizedString value="XDSDocumentEntry.patientId"/>
                                     </ns2:Name>
                                 </ns2:ExternalIdentifier>
                                 <!--********************************-->
                                 <!--  UniqueId -->
                                 <!--********************************-->
                                 <ns2:ExternalIdentifier id="urn:uuid:db3c2305-99a3-4447-8950-20b00d6d8343" identificationScheme="urn:uuid:2e82c1f6-a085-4c72-9da3-8640a32e42ab" registryObject="b576aac4-33be-4875-b875-f8ee50bf66e0" value="1.2.250.1.213.1.1.1.55.2024.8.2">
                                     <ns2:Name>
                                         <ns2:LocalizedString xml:lang="FR" charset="UTF8"  value="XDSDocumentEntry.uniqueId"/>
                                     </ns2:Name>
                                 </ns2:ExternalIdentifier>
                             </ns2:ExtrinsicObject>
                             <!--*****************************************-->
                             <!--*            ASSOCIATIONS -->
                             <!--*****************************************-->
                             <ns2:Association id="urn:uuid:94c4788f-e6bc-4284-8bc5-1ae316c7620b" objectType="Original" associationType="urn:oasis:names:tc:ebxml-regrep:AssociationType:HasMember"                               sourceObject="urn:uuid:62575861-7b4c-4bef-b7dd-f48c2a20fb68" targetObject="urn:uuid:urn:uuid:35c67b55-a5f6-43c5-b0b9-ef03f291ed91"  xmlns:ns2="urn:oasis:names:tc:ebxml-regrep:xsd:rim:3.0"  >
                                 <ns2:Slot name="SubmissionSetStatus">
                                     <ns2:ValueList>
                                         <ns2:Value>Original</ns2:Value>
                                     </ns2:ValueList>
                                 </ns2:Slot>
                             </ns2:Association>
                     </RegistryObjectList>
                 </ns5:SubmitObjectsRequest>

